delivery_id,order_id,delivery_date,delivery_status,is_full_delivery,warehouse_id,distance_from_hub_km,flood_affected
1,1,2025-03-27,Delayed,True,WH_002,90.5,True
2,2,2025-03-20,Delayed,False,WH_005,227.61,False
3,3,2024-12-25,Delayed,False,WH_006,236.97,False
4,4,2024-11-06,Delayed,True,WH_003,263.55,True
5,5,2024-07-25,On Time,False,WH_002,102.64,False
6,6,2024-12-26,On Time,True,WH_002,284.2,False
7,7,2025-01-23,On Time,True,WH_007,181.0,True
8,8,2025-03-15,On Time,False,WH_010,88.82,False
9,9,2025-04-02,Delayed,True,WH_004,234.4,False
10,10,2025-02-07,On Time,True,WH_009,259.63,True
11,11,2024-12-24,On Time,False,WH_006,266.06,False
12,12,2025-01-29,Delayed,False,WH_003,292.39,True
13,13,2025-03-23,Delayed,False,WH_009,209.95,False
14,14,2024-12-31,Delayed,False,WH_009,106.78,True
15,15,2024-12-15,Delayed,False,WH_006,153.05,True
16,16,2024-12-27,Delayed,True,WH_001,180.83,True
17,17,2025-01-06,Delayed,False,WH_008,183.77,False
18,18,2025-03-06,Delayed,False,WH_001,241.47,False
19,19,2024-11-16,On Time,True,WH_009,143.41,False
20,20,2025-02-14,Delayed,False,WH_004,90.82,False
21,21,2024-11-25,Delayed,True,WH_005,69.8,True
22,22,2025-03-15,Delayed,False,WH_009,252.2,False
23,23,2024-10-15,On Time,True,WH_003,84.16,True
24,24,2025-03-17,Delayed,False,WH_005,225.12,False
25,25,2024-11-08,On Time,False,WH_001,88.04,True
26,26,2025-02-24,On Time,True,WH_005,117.3,False
27,27,2025-02-20,On Time,True,WH_002,87.67,False
28,28,2024-11-18,On Time,False,WH_007,127.89,False
29,29,2025-03-22,Delayed,False,WH_001,132.56,True
30,30,2025-01-03,On Time,False,WH_007,67.85,False
31,31,2024-10-28,On Time,True,WH_005,254.31,True
32,32,2024-12-09,On Time,True,WH_007,242.81,False
33,33,2024-10-27,On Time,True,WH_004,165.21,True
34,34,2025-03-12,On Time,False,WH_007,220.36,False
35,35,2024-07-31,Delayed,True,WH_001,236.18,True
36,36,2025-02-12,Delayed,False,WH_005,99.68,True
37,37,2025-03-05,On Time,True,WH_004,208.23,False
38,38,2025-02-11,On Time,True,WH_005,196.17,False
39,39,2025-04-03,On Time,True,WH_001,195.27,False
40,40,2025-02-26,On Time,False,WH_002,112.18,False
41,41,2025-02-23,On Time,False,WH_001,64.94,True
42,42,2025-02-27,On Time,True,WH_008,108.17,False
43,43,2025-01-28,Delayed,True,WH_001,222.31,False
44,44,2024-10-05,On Time,False,WH_001,171.33,False
45,45,2025-01-17,Delayed,False,WH_004,191.68,False
46,46,2025-01-11,Delayed,False,WH_005,266.92,True
47,47,2025-01-24,On Time,True,WH_008,123.92,False
48,48,2025-02-22,Delayed,False,WH_001,243.98,False
49,49,2025-03-08,On Time,True,WH_010,264.21,True
50,50,2024-09-28,Delayed,True,WH_009,254.76,True
51,51,2024-09-26,Delayed,True,WH_010,120.78,False
52,52,2025-02-24,Delayed,True,WH_002,180.8,True
53,53,2025-03-10,On Time,True,WH_003,268.37,True
54,54,2025-01-08,On Time,False,WH_004,74.69,False
55,55,2025-01-07,Delayed,False,WH_001,141.59,True
56,56,2024-08-20,On Time,True,WH_008,282.1,True
57,57,2024-10-06,Delayed,True,WH_006,189.5,False
58,58,2025-03-14,Delayed,True,WH_010,116.45,True
59,59,2024-10-20,On Time,False,WH_002,286.15,True
60,60,2025-03-23,On Time,True,WH_009,146.33,True
61,61,2024-10-18,On Time,True,WH_009,237.3,False
62,62,2024-07-24,On Time,False,WH_008,225.64,False
63,63,2024-06-29,On Time,True,WH_003,187.49,False
64,64,2024-11-19,On Time,False,WH_006,275.62,False
65,65,2025-01-14,Delayed,False,WH_007,256.54,False
66,66,2025-03-31,On Time,True,WH_007,241.43,False
67,67,2025-03-15,Delayed,False,WH_008,289.96,True
68,68,2024-12-04,On Time,False,WH_010,54.08,True
69,69,2025-03-27,Delayed,True,WH_005,296.1,True
70,70,2024-10-29,Delayed,True,WH_005,279.78,True
71,71,2025-03-26,On Time,True,WH_008,138.91,True
72,72,2025-03-09,Delayed,False,WH_010,112.46,False
73,73,2025-02-06,Delayed,True,WH_010,149.95,True
74,74,2024-10-21,On Time,False,WH_008,93.23,True
75,75,2025-03-03,Delayed,True,WH_010,145.39,True
76,76,2025-04-05,Delayed,False,WH_007,154.13,True
77,77,2025-01-15,On Time,True,WH_007,63.53,True
78,78,2024-12-30,Delayed,True,WH_006,175.6,True
79,79,2024-12-30,On Time,True,WH_007,292.76,True
80,80,2024-09-09,On Time,False,WH_005,246.59,True
81,81,2025-02-16,On Time,False,WH_002,168.96,True
82,82,2025-01-20,Delayed,False,WH_002,149.63,False
83,83,2025-03-02,On Time,True,WH_008,189.82,False
84,84,2024-06-26,Delayed,True,WH_009,204.0,True
85,85,2025-03-26,On Time,True,WH_005,244.19,False
86,86,2025-01-15,On Time,True,WH_007,155.89,False
87,87,2025-03-10,On Time,False,WH_006,198.47,True
88,88,2025-04-01,Delayed,True,WH_006,204.06,False
89,89,2025-03-26,On Time,False,WH_001,281.05,True
90,90,2025-02-03,On Time,False,WH_003,239.43,True
91,91,2025-02-28,On Time,True,WH_004,287.24,True
92,92,2025-02-03,Delayed,True,WH_006,223.45,True
93,93,2025-03-02,Delayed,False,WH_008,55.69,True
94,94,2025-04-05,On Time,True,WH_009,180.82,False
95,95,2025-04-05,Delayed,True,WH_001,144.15,True
96,96,2025-01-19,Delayed,True,WH_001,121.0,False
97,97,2025-01-17,On Time,False,WH_001,66.65,False
98,98,2024-10-06,Delayed,True,WH_001,123.12,False
99,99,2024-06-02,On Time,False,WH_009,294.15,True
100,100,2025-02-02,Delayed,False,WH_010,182.89,True
101,101,2025-02-14,On Time,False,WH_009,281.59,True
102,102,2025-03-25,On Time,True,WH_009,126.23,False
103,103,2025-04-01,Delayed,True,WH_001,136.69,False
104,104,2024-06-19,Delayed,False,WH_004,299.0,False
105,105,2025-03-08,On Time,False,WH_007,272.6,True
106,106,2024-06-23,Delayed,True,WH_003,135.45,False
107,107,2025-03-23,On Time,True,WH_007,180.18,True
108,108,2025-03-18,Delayed,True,WH_010,88.19,False
109,109,2024-12-12,Delayed,False,WH_009,82.94,True
110,110,2025-03-07,On Time,True,WH_005,222.13,True
111,111,2024-11-25,Delayed,True,WH_010,279.28,False
112,112,2025-01-30,On Time,True,WH_003,129.4,True
113,113,2024-09-24,On Time,False,WH_007,290.3,False
114,114,2025-01-20,Delayed,False,WH_003,244.78,True
115,115,2025-03-29,On Time,True,WH_001,240.61,False
116,116,2024-12-24,On Time,True,WH_004,221.84,False
117,117,2025-01-22,On Time,False,WH_003,175.58,False
118,118,2025-03-15,Delayed,True,WH_007,172.86,True
119,119,2025-03-03,On Time,True,WH_004,58.06,True
120,120,2025-03-10,Delayed,False,WH_004,235.59,True
121,121,2025-03-22,On Time,True,WH_003,281.78,False
122,122,2025-01-12,Delayed,False,WH_008,271.9,False
123,123,2025-04-03,Delayed,True,WH_010,233.83,False
124,124,2025-03-22,Delayed,False,WH_010,284.78,True
125,125,2024-12-24,On Time,False,WH_008,256.75,True
126,126,2025-03-23,On Time,False,WH_001,189.43,True
127,127,2025-04-04,On Time,False,WH_008,149.51,False
128,128,2024-06-08,Delayed,False,WH_003,155.62,True
129,129,2025-03-08,On Time,False,WH_008,72.61,True
130,130,2025-02-26,On Time,True,WH_007,153.39,False
131,131,2024-11-10,On Time,True,WH_008,197.58,True
132,132,2025-01-05,Delayed,True,WH_005,131.02,True
133,133,2024-09-30,On Time,True,WH_002,226.56,False
134,134,2025-03-24,On Time,False,WH_009,203.02,True
135,135,2024-08-04,Delayed,False,WH_001,242.07,False
136,136,2025-03-29,On Time,True,WH_003,94.72,True
137,137,2024-12-17,Delayed,False,WH_005,232.54,False
138,138,2025-03-14,Delayed,True,WH_002,274.64,True
139,139,2025-03-26,On Time,False,WH_001,164.66,False
140,140,2025-01-31,On Time,False,WH_004,104.22,False
141,141,2025-01-08,Delayed,False,WH_008,69.85,True
142,142,2024-11-01,On Time,False,WH_010,207.16,True
143,143,2025-01-21,On Time,True,WH_003,63.77,False
144,144,2024-07-07,On Time,True,WH_001,216.75,False
145,145,2024-07-27,Delayed,True,WH_001,77.22,True
146,146,2025-01-15,On Time,False,WH_010,215.23,True
147,147,2025-02-28,Delayed,False,WH_001,73.28,False
148,148,2025-01-07,Delayed,False,WH_007,255.07,False
149,149,2024-11-04,On Time,False,WH_008,83.64,False
150,150,2024-11-11,Delayed,False,WH_009,102.46,True
151,151,2024-12-01,On Time,True,WH_010,232.43,True
152,152,2025-01-17,Delayed,False,WH_007,202.21,False
153,153,2024-09-22,Delayed,False,WH_003,203.57,False
154,154,2025-03-18,Delayed,False,WH_003,270.92,True
155,155,2025-02-01,Delayed,True,WH_001,79.55,False
156,156,2024-10-03,On Time,True,WH_010,299.75,False
157,157,2024-12-23,On Time,False,WH_006,190.1,True
158,158,2025-02-11,On Time,True,WH_005,113.6,True
159,159,2024-08-31,Delayed,False,WH_009,187.5,True
160,160,2024-10-26,On Time,False,WH_006,149.01,True
161,161,2025-01-22,On Time,True,WH_006,258.46,False
162,162,2024-06-23,Delayed,True,WH_003,170.37,False
163,163,2025-03-09,Delayed,False,WH_007,281.95,True
164,164,2025-02-12,Delayed,False,WH_009,183.97,True
165,165,2025-01-09,Delayed,False,WH_002,292.4,False
166,166,2024-12-05,On Time,False,WH_007,206.63,True
167,167,2025-03-12,Delayed,True,WH_010,79.21,False
168,168,2025-03-15,Delayed,True,WH_005,153.47,False
169,169,2024-11-18,On Time,False,WH_008,257.36,False
170,170,2024-12-21,On Time,False,WH_003,78.06,True
171,171,2025-03-01,On Time,True,WH_008,176.5,False
172,172,2024-12-22,On Time,True,WH_006,280.91,False
173,173,2024-09-20,Delayed,True,WH_002,255.53,True
174,174,2025-03-28,On Time,True,WH_008,146.9,True
175,175,2024-12-13,On Time,False,WH_001,221.76,True
176,176,2024-08-27,Delayed,False,WH_001,75.78,False
177,177,2025-04-03,On Time,False,WH_004,130.22,True
178,178,2025-02-14,Delayed,False,WH_009,129.79,False
179,179,2025-03-18,On Time,False,WH_003,89.37,True
180,180,2025-01-20,On Time,True,WH_004,185.63,False
181,181,2024-04-30,Delayed,True,WH_005,193.52,True
182,182,2025-03-14,On Time,False,WH_010,273.06,False
183,183,2025-03-19,On Time,True,WH_001,167.68,True
184,184,2025-03-15,On Time,False,WH_001,71.53,False
185,185,2025-01-01,On Time,False,WH_010,138.91,False
186,186,2025-01-31,On Time,True,WH_008,191.95,True
187,187,2025-02-08,Delayed,True,WH_008,127.6,False
188,188,2024-07-03,Delayed,True,WH_004,85.93,False
189,189,2025-02-02,Delayed,False,WH_003,224.9,False
190,190,2024-11-13,Delayed,False,WH_008,57.57,False
191,191,2025-01-31,On Time,False,WH_008,165.31,True
192,192,2025-01-20,Delayed,False,WH_010,193.67,True
193,193,2025-04-02,Delayed,True,WH_006,189.04,True
194,194,2025-03-30,Delayed,False,WH_007,197.63,True
195,195,2025-02-23,On Time,True,WH_008,145.95,False
196,196,2024-12-05,On Time,False,WH_007,191.8,False
197,197,2025-01-03,On Time,True,WH_002,234.84,False
198,198,2025-03-06,On Time,False,WH_006,188.77,False
199,199,2025-02-08,On Time,False,WH_007,67.4,True
200,200,2025-02-12,Delayed,False,WH_008,211.25,True
201,201,2025-02-27,On Time,True,WH_003,271.82,True
202,202,2025-03-30,On Time,True,WH_008,182.81,False
203,203,2025-03-23,Delayed,True,WH_004,220.38,False
204,204,2024-06-27,Delayed,False,WH_007,229.45,False
205,205,2025-03-11,On Time,True,WH_010,296.61,False
206,206,2025-03-01,On Time,False,WH_001,142.31,True
207,207,2024-12-09,On Time,False,WH_002,265.31,True
208,208,2024-12-26,On Time,False,WH_010,148.57,False
209,209,2024-10-01,Delayed,False,WH_007,158.8,True
210,210,2024-11-11,On Time,False,WH_003,97.06,False
211,211,2024-09-12,Delayed,False,WH_003,122.12,True
212,212,2025-03-26,On Time,True,WH_002,212.1,True
213,213,2025-03-16,Delayed,False,WH_003,71.17,False
214,214,2025-02-07,Delayed,False,WH_010,94.95,False
215,215,2025-02-20,Delayed,False,WH_006,106.44,False
216,216,2025-01-13,On Time,False,WH_004,228.03,False
217,217,2025-01-22,Delayed,False,WH_001,294.56,False
218,218,2025-01-31,Delayed,True,WH_010,170.38,True
219,219,2025-03-05,On Time,False,WH_008,179.24,True
220,220,2024-12-29,On Time,False,WH_002,221.02,False
221,221,2025-04-03,On Time,False,WH_009,244.63,False
222,222,2025-03-03,Delayed,False,WH_010,233.45,False
223,223,2025-03-30,Delayed,False,WH_005,91.88,False
224,224,2025-02-28,Delayed,True,WH_008,194.54,True
225,225,2025-02-24,Delayed,True,WH_005,171.19,True
226,226,2025-03-16,On Time,False,WH_005,83.13,False
227,227,2024-10-02,Delayed,False,WH_001,235.36,True
228,228,2025-03-11,On Time,False,WH_006,251.96,False
229,229,2025-03-05,On Time,False,WH_003,249.84,True
230,230,2024-12-15,Delayed,True,WH_003,198.89,True
231,231,2024-08-02,Delayed,False,WH_007,109.49,False
232,232,2025-02-27,On Time,True,WH_010,233.59,False
233,233,2025-02-23,On Time,False,WH_002,63.13,False
234,234,2024-09-20,Delayed,False,WH_005,169.07,True
235,235,2024-12-28,Delayed,False,WH_008,115.66,False
236,236,2025-03-14,On Time,False,WH_008,145.5,False
237,237,2024-11-11,On Time,True,WH_009,209.36,False
238,238,2024-07-09,Delayed,False,WH_005,116.77,True
239,239,2025-04-02,Delayed,False,WH_008,243.29,True
240,240,2024-10-27,On Time,False,WH_003,128.32,True
241,241,2024-12-24,On Time,True,WH_001,152.81,True
242,242,2025-01-08,Delayed,False,WH_004,231.31,False
243,243,2024-08-23,On Time,True,WH_001,204.85,True
244,244,2024-12-04,On Time,True,WH_002,71.6,True
245,245,2024-09-19,Delayed,True,WH_002,223.91,False
246,246,2025-03-01,Delayed,False,WH_002,209.7,False
247,247,2025-02-19,Delayed,False,WH_005,90.49,True
248,248,2025-03-27,Delayed,True,WH_007,147.15,True
249,249,2025-03-02,Delayed,False,WH_003,160.14,False
250,250,2024-10-25,On Time,False,WH_003,211.37,True
251,251,2025-04-02,On Time,False,WH_004,203.49,True
252,252,2025-02-27,Delayed,False,WH_002,58.72,True
253,253,2024-12-13,Delayed,False,WH_001,274.13,True
254,254,2025-01-04,On Time,True,WH_007,116.61,False
255,255,2025-03-13,Delayed,True,WH_009,226.9,False
256,256,2025-02-09,Delayed,False,WH_007,261.01,True
257,257,2025-03-12,On Time,True,WH_007,288.54,False
258,258,2024-08-11,On Time,False,WH_006,220.46,False
259,259,2025-03-29,On Time,True,WH_006,183.66,False
260,260,2024-11-12,On Time,False,WH_005,211.95,True
261,261,2024-10-13,On Time,False,WH_004,124.72,False
262,262,2024-09-06,On Time,False,WH_008,71.22,False
263,263,2024-08-14,On Time,True,WH_001,98.27,True
264,264,2025-01-15,Delayed,False,WH_002,248.18,False
265,265,2025-03-21,Delayed,False,WH_001,59.26,True
266,266,2025-03-29,Delayed,True,WH_007,79.55,False
267,267,2025-02-19,On Time,True,WH_002,59.22,True
268,268,2025-03-04,Delayed,True,WH_008,276.79,True
269,269,2025-03-31,On Time,True,WH_001,93.06,True
270,270,2024-11-09,Delayed,True,WH_008,202.81,True
271,271,2024-11-19,On Time,True,WH_008,198.74,True
272,272,2024-07-16,On Time,True,WH_007,134.34,False
273,273,2025-03-24,Delayed,True,WH_010,186.47,False
274,274,2024-04-07,On Time,True,WH_010,93.36,True
275,275,2025-01-12,On Time,False,WH_003,239.39,True
276,276,2024-12-18,Delayed,True,WH_008,110.91,True
277,277,2024-08-12,On Time,True,WH_010,144.03,True
278,278,2024-11-06,On Time,False,WH_002,51.59,True
279,279,2024-12-05,On Time,False,WH_007,223.38,False
280,280,2025-01-29,On Time,True,WH_003,209.96,False
281,281,2024-12-22,Delayed,True,WH_003,202.63,True
282,282,2025-01-12,On Time,False,WH_010,287.57,False
283,283,2025-02-20,Delayed,False,WH_001,189.43,True
284,284,2025-02-13,On Time,True,WH_010,140.48,True
285,285,2025-01-12,Delayed,True,WH_005,63.27,True
286,286,2025-03-22,On Time,False,WH_008,94.08,True
287,287,2025-02-08,On Time,False,WH_005,102.4,False
288,288,2025-02-15,Delayed,False,WH_001,76.11,True
289,289,2024-06-08,On Time,True,WH_001,171.27,True
290,290,2025-03-16,On Time,True,WH_008,198.18,False
291,291,2025-03-05,Delayed,True,WH_006,107.52,True
292,292,2025-02-10,Delayed,True,WH_002,109.28,False
293,293,2025-02-09,On Time,False,WH_004,68.38,False
294,294,2025-01-15,On Time,False,WH_003,104.04,False
295,295,2025-01-28,On Time,False,WH_006,84.1,True
296,296,2025-03-24,Delayed,False,WH_004,133.97,True
297,297,2025-02-24,On Time,False,WH_003,77.78,False
298,298,2024-11-18,Delayed,False,WH_003,240.08,True
299,299,2025-01-13,Delayed,True,WH_010,276.39,True
300,300,2025-01-23,On Time,False,WH_009,172.3,True
301,301,2024-05-19,Delayed,False,WH_005,53.63,False
302,302,2025-03-24,On Time,True,WH_006,158.56,True
303,303,2024-08-11,On Time,True,WH_007,295.05,True
304,304,2024-11-11,Delayed,True,WH_007,182.78,False
305,305,2025-02-11,On Time,False,WH_008,110.13,True
306,306,2025-03-24,Delayed,True,WH_003,139.6,True
307,307,2024-10-02,On Time,True,WH_008,217.26,True
308,308,2024-10-03,Delayed,True,WH_008,165.94,True
309,309,2025-03-28,Delayed,True,WH_006,206.7,True
310,310,2025-01-23,On Time,False,WH_006,182.73,False
311,311,2024-11-08,Delayed,False,WH_010,185.61,True
312,312,2024-10-17,On Time,False,WH_001,178.68,False
313,313,2025-01-21,On Time,True,WH_007,141.4,True
314,314,2025-04-02,Delayed,False,WH_003,212.04,True
315,315,2025-03-23,On Time,True,WH_006,109.66,True
316,316,2025-03-18,Delayed,True,WH_004,130.12,False
317,317,2024-08-27,Delayed,False,WH_001,65.84,False
318,318,2024-10-12,Delayed,False,WH_009,181.67,True
319,319,2025-01-09,Delayed,False,WH_008,205.24,True
320,320,2025-03-08,On Time,False,WH_002,70.04,True
321,321,2025-03-17,Delayed,True,WH_002,91.19,True
322,322,2025-03-10,On Time,False,WH_003,268.75,True
323,323,2025-02-08,Delayed,False,WH_009,282.93,False
324,324,2024-11-20,Delayed,False,WH_008,234.43,True
325,325,2025-03-08,Delayed,True,WH_002,55.51,True
326,326,2024-08-04,Delayed,False,WH_010,135.7,False
327,327,2025-03-13,Delayed,False,WH_008,126.02,True
328,328,2025-01-25,Delayed,True,WH_005,106.7,False
329,329,2025-02-14,Delayed,True,WH_003,138.28,False
330,330,2025-03-08,On Time,True,WH_009,121.31,True
331,331,2024-12-25,On Time,True,WH_004,79.23,False
332,332,2024-11-06,On Time,False,WH_005,142.42,True
333,333,2025-01-28,On Time,False,WH_006,86.99,False
334,334,2025-03-22,On Time,False,WH_002,280.11,False
335,335,2025-01-02,Delayed,True,WH_008,281.95,True
336,336,2024-05-14,On Time,False,WH_005,168.48,False
337,337,2024-12-24,On Time,False,WH_006,222.29,False
338,338,2025-01-24,On Time,True,WH_009,79.22,True
339,339,2024-10-17,Delayed,True,WH_008,139.35,False
340,340,2024-05-16,On Time,True,WH_010,181.61,False
341,341,2025-04-05,On Time,True,WH_002,184.6,False
342,342,2025-02-28,On Time,False,WH_004,172.62,True
343,343,2025-02-16,Delayed,False,WH_003,228.99,False
344,344,2025-02-07,Delayed,False,WH_006,53.05,False
345,345,2024-07-26,Delayed,False,WH_008,268.58,True
346,346,2024-09-18,On Time,False,WH_007,250.92,False
347,347,2024-09-01,On Time,False,WH_007,84.89,True
348,348,2025-01-30,On Time,True,WH_005,168.65,False
349,349,2025-03-18,On Time,False,WH_002,51.65,False
350,350,2025-02-22,Delayed,True,WH_009,165.53,True
351,351,2024-12-08,On Time,True,WH_007,122.37,False
352,352,2025-01-07,On Time,False,WH_010,125.98,False
353,353,2025-03-17,On Time,True,WH_001,88.51,False
354,354,2024-11-30,Delayed,True,WH_005,154.29,False
355,355,2025-01-15,On Time,True,WH_002,241.18,False
356,356,2025-01-24,On Time,False,WH_010,170.12,False
357,357,2025-03-20,Delayed,False,WH_002,143.3,True
358,358,2025-01-17,Delayed,True,WH_010,64.63,False
359,359,2024-11-12,Delayed,True,WH_006,90.83,False
360,360,2024-12-18,Delayed,False,WH_006,62.18,False
361,361,2025-03-31,On Time,True,WH_003,241.17,True
362,362,2025-03-18,Delayed,False,WH_005,117.86,False
363,363,2024-12-13,On Time,False,WH_003,53.22,False
364,364,2025-02-03,Delayed,False,WH_007,135.08,True
365,365,2024-10-24,On Time,True,WH_003,175.85,True
366,366,2024-12-28,On Time,False,WH_008,279.01,True
367,367,2024-11-17,On Time,True,WH_008,137.05,False
368,368,2025-02-19,On Time,False,WH_010,180.78,False
369,369,2025-03-08,On Time,False,WH_001,236.12,True
370,370,2024-11-16,On Time,True,WH_003,222.01,False
371,371,2024-08-28,On Time,True,WH_003,295.28,False
372,372,2024-08-03,On Time,True,WH_001,243.67,False
373,373,2025-03-08,On Time,True,WH_002,58.2,True
374,374,2024-09-29,Delayed,True,WH_005,60.82,False
375,375,2025-03-14,On Time,True,WH_002,280.02,True
376,376,2025-03-23,On Time,True,WH_006,57.31,True
377,377,2024-07-04,Delayed,False,WH_006,90.14,True
378,378,2024-10-23,On Time,True,WH_010,240.81,True
379,379,2025-03-05,On Time,False,WH_003,275.42,True
380,380,2024-11-05,On Time,True,WH_009,262.82,False
381,381,2024-12-08,Delayed,True,WH_008,218.38,True
382,382,2025-03-03,On Time,False,WH_007,156.02,True
383,383,2024-11-05,Delayed,True,WH_006,80.9,True
384,384,2025-03-26,On Time,False,WH_006,226.18,True
385,385,2024-11-30,On Time,False,WH_008,78.93,False
386,386,2025-03-12,Delayed,False,WH_008,106.47,False
387,387,2025-02-10,Delayed,False,WH_004,264.19,False
388,388,2024-12-21,Delayed,True,WH_001,299.68,False
389,389,2024-10-22,On Time,False,WH_008,180.67,True
390,390,2025-01-26,On Time,True,WH_007,150.16,True
391,391,2025-02-24,On Time,True,WH_006,293.8,False
392,392,2025-01-21,On Time,False,WH_002,108.22,False
393,393,2024-12-16,Delayed,False,WH_010,198.41,False
394,394,2024-11-13,Delayed,False,WH_010,287.53,False
395,395,2025-02-09,Delayed,True,WH_008,77.01,False
396,396,2024-08-26,Delayed,False,WH_004,207.09,True
397,397,2025-04-02,On Time,True,WH_001,257.58,False
398,398,2025-01-22,On Time,True,WH_007,201.15,False
399,399,2024-11-30,On Time,False,WH_010,205.81,True
400,400,2025-01-05,Delayed,False,WH_004,123.39,False
401,401,2025-04-02,Delayed,False,WH_009,135.9,True
402,402,2024-11-18,On Time,False,WH_002,145.91,False
403,403,2025-01-03,Delayed,False,WH_008,59.0,True
404,404,2025-03-25,Delayed,True,WH_008,157.67,False
405,405,2024-12-13,Delayed,False,WH_002,192.21,False
406,406,2025-01-17,Delayed,False,WH_009,263.59,True
407,407,2024-12-20,Delayed,False,WH_008,197.76,False
408,408,2024-11-01,Delayed,False,WH_006,65.36,True
409,409,2024-12-15,On Time,False,WH_006,252.39,True
410,410,2025-01-29,Delayed,False,WH_002,157.04,False
411,411,2024-12-16,Delayed,False,WH_001,215.31,True
412,412,2025-01-06,On Time,False,WH_010,71.24,True
413,413,2024-09-30,Delayed,True,WH_006,92.44,False
414,414,2024-12-02,On Time,False,WH_007,192.01,False
415,415,2025-02-22,Delayed,True,WH_008,197.0,False
416,416,2025-01-28,Delayed,False,WH_006,193.13,False
417,417,2024-07-22,On Time,True,WH_006,174.18,False
418,418,2025-01-12,On Time,False,WH_006,292.36,True
419,419,2024-11-18,Delayed,True,WH_009,103.52,False
420,420,2025-04-01,On Time,False,WH_010,150.51,True
421,421,2025-02-28,On Time,True,WH_010,134.21,True
422,422,2024-12-14,Delayed,False,WH_004,136.83,True
423,423,2025-01-08,Delayed,False,WH_007,215.86,False
424,424,2025-03-12,On Time,False,WH_007,112.82,False
425,425,2024-10-14,On Time,True,WH_009,265.68,False
426,426,2024-12-22,On Time,False,WH_005,284.29,False
427,427,2025-01-01,On Time,True,WH_006,165.62,True
428,428,2024-07-28,On Time,False,WH_007,152.57,True
429,429,2024-10-13,On Time,False,WH_005,255.93,True
430,430,2025-04-05,Delayed,True,WH_007,109.62,True
431,431,2025-04-03,On Time,True,WH_004,249.26,False
432,432,2024-10-13,Delayed,False,WH_009,297.82,False
433,433,2025-03-01,On Time,True,WH_003,118.18,True
434,434,2025-02-01,Delayed,False,WH_009,94.0,True
435,435,2024-11-12,Delayed,True,WH_001,264.9,True
436,436,2024-12-14,Delayed,False,WH_002,275.14,False
437,437,2024-12-30,Delayed,True,WH_007,285.79,True
438,438,2025-03-27,On Time,True,WH_010,233.62,True
439,439,2025-01-29,Delayed,False,WH_002,109.52,True
440,440,2025-02-08,Delayed,False,WH_010,234.31,True
441,441,2025-02-18,Delayed,True,WH_003,76.7,True
442,442,2025-03-15,Delayed,False,WH_007,113.58,True
443,443,2024-09-06,Delayed,False,WH_002,129.12,False
444,444,2024-12-08,Delayed,True,WH_005,269.86,True
445,445,2025-03-15,Delayed,False,WH_006,255.34,True
446,446,2025-01-17,On Time,True,WH_004,113.25,False
447,447,2025-03-24,Delayed,False,WH_002,183.73,True
448,448,2024-10-29,Delayed,False,WH_001,277.45,False
449,449,2024-11-23,Delayed,False,WH_002,284.08,True
450,450,2024-08-21,Delayed,True,WH_003,278.97,False
451,451,2025-02-01,Delayed,True,WH_005,266.61,False
452,452,2025-03-30,Delayed,False,WH_006,229.35,True
453,453,2024-12-09,On Time,False,WH_009,66.59,False
454,454,2024-08-21,Delayed,False,WH_001,240.49,True
455,455,2024-06-15,Delayed,True,WH_001,150.17,False
456,456,2025-03-29,Delayed,True,WH_002,89.46,True
457,457,2024-11-05,Delayed,False,WH_008,169.59,True
458,458,2025-01-25,Delayed,True,WH_010,256.69,False
459,459,2025-03-12,On Time,True,WH_007,141.9,False
460,460,2024-07-12,Delayed,True,WH_001,287.03,True
461,461,2025-03-24,On Time,False,WH_004,115.45,True
462,462,2025-03-31,On Time,False,WH_010,157.23,False
463,463,2025-02-11,On Time,True,WH_006,92.53,True
464,464,2025-03-06,On Time,False,WH_008,256.81,False
465,465,2024-08-30,On Time,True,WH_004,97.64,False
466,466,2025-02-24,Delayed,False,WH_007,82.55,True
467,467,2024-11-20,On Time,False,WH_004,154.58,False
468,468,2025-03-12,On Time,True,WH_005,294.03,True
469,469,2025-02-01,Delayed,True,WH_006,195.73,False
470,470,2025-03-01,On Time,True,WH_008,83.3,False
471,471,2024-11-18,Delayed,True,WH_007,227.11,False
472,472,2025-01-19,On Time,True,WH_009,64.69,False
473,473,2025-02-23,On Time,False,WH_006,299.18,True
474,474,2024-11-15,On Time,False,WH_009,204.91,False
475,475,2024-12-03,Delayed,False,WH_003,292.01,True
476,476,2025-03-07,On Time,False,WH_003,175.94,False
477,477,2025-01-24,Delayed,True,WH_002,129.33,False
478,478,2025-03-10,On Time,False,WH_002,128.32,True
479,479,2024-08-09,Delayed,False,WH_006,281.56,False
480,480,2024-07-20,Delayed,False,WH_009,128.25,True
481,481,2025-02-23,Delayed,False,WH_003,188.92,False
482,482,2024-12-26,On Time,True,WH_003,63.64,True
483,483,2024-06-23,On Time,False,WH_005,90.89,False
484,484,2025-02-19,Delayed,True,WH_008,60.2,False
485,485,2024-10-26,Delayed,False,WH_008,78.12,True
486,486,2024-07-07,On Time,False,WH_002,100.93,False
487,487,2024-11-25,On Time,True,WH_009,255.64,True
488,488,2025-03-29,On Time,True,WH_007,280.1,True
489,489,2025-03-24,Delayed,True,WH_006,56.49,True
490,490,2024-08-09,Delayed,False,WH_010,282.29,True
491,491,2024-12-19,Delayed,True,WH_001,70.27,False
492,492,2025-03-14,Delayed,False,WH_010,214.5,False
493,493,2025-04-04,On Time,False,WH_006,286.85,True
494,494,2025-01-18,On Time,True,WH_005,130.79,True
495,495,2024-09-23,On Time,False,WH_002,149.71,True
496,496,2025-03-04,On Time,False,WH_002,55.13,True
497,497,2025-01-20,On Time,False,WH_007,121.23,True
498,498,2024-12-27,On Time,False,WH_008,250.28,False
499,499,2025-02-21,On Time,False,WH_002,258.01,True
500,500,2024-11-06,Delayed,False,WH_007,169.11,False
501,501,2025-03-02,On Time,False,WH_006,203.47,False
502,502,2025-02-26,Delayed,True,WH_001,178.34,False
503,503,2025-03-10,On Time,True,WH_008,181.82,True
504,504,2025-03-30,Delayed,False,WH_007,69.8,False
505,505,2025-02-25,Delayed,True,WH_003,221.08,False
506,506,2025-02-28,On Time,False,WH_005,192.13,True
507,507,2025-04-02,On Time,True,WH_009,156.23,True
508,508,2025-03-27,Delayed,False,WH_006,113.72,True
509,509,2025-01-29,On Time,True,WH_008,94.89,True
510,510,2024-12-11,Delayed,True,WH_002,154.06,False
511,511,2025-02-10,Delayed,False,WH_008,205.95,False
512,512,2024-12-12,Delayed,True,WH_004,96.27,False
513,513,2024-12-09,On Time,False,WH_009,54.48,False
514,514,2024-10-07,On Time,True,WH_003,213.95,False
515,515,2024-07-02,Delayed,False,WH_005,204.62,False
516,516,2024-12-28,Delayed,False,WH_002,81.27,True
517,517,2025-01-23,On Time,True,WH_001,224.01,True
518,518,2025-02-20,On Time,True,WH_008,212.16,True
519,519,2024-08-29,Delayed,True,WH_002,125.23,False
520,520,2024-05-25,On Time,False,WH_007,55.45,True
521,521,2024-07-31,On Time,False,WH_008,167.87,False
522,522,2025-02-17,On Time,True,WH_005,192.36,False
523,523,2025-02-16,On Time,False,WH_001,75.67,False
524,524,2025-04-02,Delayed,False,WH_010,198.96,False
525,525,2024-09-30,On Time,False,WH_007,171.53,False
526,526,2024-07-27,On Time,True,WH_009,54.75,False
527,527,2024-07-05,On Time,False,WH_007,272.29,True
528,528,2025-03-20,Delayed,False,WH_008,224.38,True
529,529,2025-03-18,On Time,False,WH_004,167.31,False
530,530,2024-09-14,On Time,True,WH_010,277.27,False
531,531,2024-12-03,Delayed,True,WH_005,230.75,False
532,532,2025-04-05,Delayed,False,WH_008,249.94,True
533,533,2025-03-19,On Time,False,WH_002,216.76,True
534,534,2025-01-01,On Time,True,WH_003,201.44,True
535,535,2024-11-14,Delayed,False,WH_005,108.68,True
536,536,2025-03-02,On Time,False,WH_005,139.26,True
537,537,2025-01-10,On Time,True,WH_002,134.43,True
538,538,2024-12-30,On Time,True,WH_009,106.02,False
539,539,2024-11-16,Delayed,False,WH_001,242.52,False
540,540,2025-03-21,On Time,True,WH_001,281.66,False
541,541,2025-01-12,Delayed,True,WH_002,245.41,True
542,542,2024-11-21,On Time,True,WH_003,207.48,True
543,543,2025-04-01,Delayed,True,WH_005,227.04,False
544,544,2025-02-27,On Time,True,WH_006,133.65,True
545,545,2024-10-10,On Time,True,WH_008,292.41,True
546,546,2024-08-11,On Time,False,WH_006,121.69,True
547,547,2024-12-01,On Time,False,WH_006,228.8,False
548,548,2024-12-22,Delayed,True,WH_003,238.3,False
549,549,2025-02-04,On Time,True,WH_007,153.35,False
550,550,2025-03-16,Delayed,False,WH_001,160.64,True
551,551,2025-01-11,On Time,True,WH_006,128.7,True
552,552,2025-01-19,Delayed,True,WH_007,239.8,True
553,553,2025-01-23,On Time,False,WH_007,150.5,False
554,554,2024-09-27,Delayed,False,WH_001,256.75,True
555,555,2025-02-17,Delayed,False,WH_004,271.89,False
556,556,2025-02-27,Delayed,False,WH_004,270.24,True
557,557,2024-12-17,On Time,False,WH_007,231.27,True
558,558,2025-03-11,Delayed,True,WH_002,177.92,False
559,559,2024-12-17,Delayed,True,WH_001,56.97,False
560,560,2024-11-12,On Time,False,WH_007,296.74,True
561,561,2024-12-04,On Time,False,WH_005,206.75,False
562,562,2024-09-15,On Time,True,WH_002,162.18,True
563,563,2024-12-06,Delayed,False,WH_004,251.35,True
564,564,2025-02-11,Delayed,False,WH_005,216.73,True
565,565,2024-12-09,Delayed,True,WH_002,131.96,True
566,566,2024-05-10,Delayed,False,WH_002,86.64,False
567,567,2025-01-12,Delayed,True,WH_002,65.55,True
568,568,2025-03-01,Delayed,True,WH_008,69.52,False
569,569,2025-01-08,Delayed,False,WH_010,174.71,False
570,570,2025-01-05,Delayed,False,WH_007,255.95,True
571,571,2025-02-02,On Time,False,WH_008,82.35,True
572,572,2025-03-04,On Time,False,WH_008,58.15,True
573,573,2024-10-12,Delayed,True,WH_010,263.08,True
574,574,2025-01-13,On Time,False,WH_010,122.4,True
575,575,2025-03-31,On Time,False,WH_005,297.76,False
576,576,2025-02-22,Delayed,False,WH_001,247.8,True
577,577,2024-07-30,Delayed,True,WH_005,272.26,True
578,578,2025-02-04,On Time,False,WH_001,80.58,False
579,579,2025-03-13,On Time,True,WH_007,170.29,False
580,580,2024-10-09,Delayed,False,WH_007,168.81,True
581,581,2024-04-24,On Time,False,WH_008,216.81,True
582,582,2025-01-25,Delayed,True,WH_010,216.13,False
583,583,2024-10-19,Delayed,True,WH_007,134.75,True
584,584,2025-03-24,Delayed,False,WH_002,266.49,True
585,585,2024-08-28,Delayed,True,WH_009,71.29,True
586,586,2025-02-18,On Time,False,WH_009,274.22,True
587,587,2025-02-24,On Time,True,WH_005,246.69,True
588,588,2025-01-25,Delayed,True,WH_009,201.71,False
589,589,2024-12-03,On Time,False,WH_001,134.99,True
590,590,2024-12-08,Delayed,True,WH_009,129.35,False
591,591,2025-03-21,On Time,True,WH_002,185.44,False
592,592,2025-04-02,On Time,True,WH_005,242.08,True
593,593,2024-08-17,Delayed,False,WH_003,64.73,False
594,594,2024-10-27,On Time,True,WH_001,124.51,True
595,595,2024-10-03,Delayed,True,WH_007,273.25,False
596,596,2025-02-03,Delayed,True,WH_001,100.64,True
597,597,2025-03-21,Delayed,False,WH_002,117.32,False
598,598,2025-01-15,Delayed,False,WH_002,171.04,False
599,599,2024-12-02,On Time,True,WH_005,188.52,True
600,600,2025-03-26,On Time,True,WH_005,192.06,False
601,601,2025-03-23,On Time,True,WH_003,143.33,True
602,602,2025-03-16,On Time,False,WH_009,162.94,True
603,603,2024-06-16,Delayed,False,WH_003,50.14,False
604,604,2024-09-23,Delayed,False,WH_007,299.81,True
605,605,2025-03-18,Delayed,True,WH_003,234.8,True
606,606,2025-03-13,Delayed,True,WH_007,224.61,True
607,607,2025-01-31,Delayed,False,WH_004,202.61,False
608,608,2025-01-08,Delayed,False,WH_008,118.25,False
609,609,2024-11-15,Delayed,True,WH_008,289.75,False
610,610,2025-02-23,On Time,True,WH_001,202.2,True
611,611,2025-02-16,On Time,True,WH_007,188.95,False
612,612,2025-01-01,Delayed,True,WH_002,184.66,False
613,613,2025-03-31,On Time,False,WH_007,256.87,False
614,614,2024-12-29,Delayed,True,WH_001,81.19,False
615,615,2025-02-16,On Time,False,WH_001,105.38,True
616,616,2025-02-12,Delayed,False,WH_004,72.49,False
617,617,2025-01-26,On Time,True,WH_008,291.82,True
618,618,2025-03-09,Delayed,False,WH_010,102.27,True
619,619,2024-11-11,Delayed,True,WH_005,192.28,False
620,620,2025-01-13,On Time,True,WH_010,218.04,True
621,621,2025-02-02,On Time,True,WH_002,81.86,True
622,622,2024-07-17,Delayed,True,WH_001,297.99,False
623,623,2024-12-08,Delayed,True,WH_007,210.24,True
624,624,2024-11-23,Delayed,False,WH_007,118.51,False
625,625,2025-03-07,Delayed,False,WH_009,239.76,True
626,626,2025-03-09,On Time,False,WH_007,183.1,False
627,627,2025-03-15,On Time,False,WH_004,133.68,True
628,628,2025-03-26,On Time,False,WH_002,279.25,True
629,629,2025-04-02,On Time,False,WH_005,65.71,True
630,630,2025-03-23,On Time,False,WH_007,252.01,False
631,631,2024-10-13,Delayed,True,WH_002,168.39,False
632,632,2025-02-16,On Time,False,WH_009,248.53,True
633,633,2024-09-08,Delayed,True,WH_008,194.73,True
634,634,2025-01-01,On Time,True,WH_007,128.32,True
635,635,2024-12-17,On Time,True,WH_008,63.7,False
636,636,2024-11-19,On Time,True,WH_001,189.81,False
637,637,2024-10-02,Delayed,False,WH_002,204.33,False
638,638,2025-01-11,On Time,True,WH_008,145.98,False
639,639,2024-12-27,On Time,False,WH_001,163.52,False
640,640,2025-03-23,On Time,True,WH_002,53.07,True
641,641,2025-03-10,On Time,True,WH_009,114.07,False
642,642,2025-03-28,Delayed,False,WH_003,110.79,True
643,643,2025-01-13,On Time,True,WH_005,196.13,False
644,644,2024-06-28,Delayed,True,WH_003,167.38,False
645,645,2025-02-18,Delayed,False,WH_001,179.42,True
646,646,2025-01-13,On Time,True,WH_009,254.8,True
647,647,2025-02-15,Delayed,False,WH_004,294.13,True
648,648,2025-01-22,On Time,False,WH_004,216.97,False
649,649,2025-03-06,Delayed,False,WH_010,124.91,False
650,650,2024-05-24,On Time,True,WH_008,269.03,True
651,651,2025-03-08,Delayed,True,WH_001,209.69,True
652,652,2025-03-03,Delayed,True,WH_004,170.19,False
653,653,2024-08-16,Delayed,True,WH_007,96.06,True
654,654,2025-03-18,Delayed,True,WH_002,139.47,True
655,655,2025-03-12,On Time,False,WH_008,98.6,False
656,656,2025-02-09,On Time,True,WH_004,99.46,True
657,657,2025-01-27,On Time,False,WH_003,134.95,True
658,658,2025-04-02,On Time,True,WH_001,94.02,False
659,659,2025-03-19,On Time,True,WH_003,144.73,True
660,660,2024-07-31,Delayed,True,WH_005,164.05,False
661,661,2024-12-23,Delayed,True,WH_009,294.28,False
662,662,2024-10-20,On Time,True,WH_003,270.68,True
663,663,2024-12-25,On Time,True,WH_009,144.55,False
664,664,2025-03-01,Delayed,False,WH_004,280.25,True
665,665,2024-11-09,Delayed,True,WH_006,111.79,False
666,666,2024-07-06,On Time,False,WH_004,231.82,False
667,667,2025-01-18,On Time,True,WH_009,147.03,False
668,668,2024-10-06,Delayed,False,WH_003,130.46,False
669,669,2024-09-29,Delayed,False,WH_008,117.08,False
670,670,2024-10-09,On Time,True,WH_004,273.72,False
671,671,2025-03-28,On Time,False,WH_004,126.5,False
672,672,2025-03-16,On Time,False,WH_005,187.64,True
673,673,2024-11-01,On Time,False,WH_008,179.71,True
674,674,2025-03-30,On Time,False,WH_009,205.28,False
675,675,2024-12-31,Delayed,False,WH_007,152.24,False
676,676,2025-03-14,Delayed,False,WH_007,56.18,False
677,677,2025-02-22,On Time,False,WH_002,139.77,True
678,678,2025-02-20,Delayed,True,WH_005,281.65,True
679,679,2025-03-20,On Time,True,WH_006,59.57,True
680,680,2025-03-15,Delayed,True,WH_006,112.51,False
681,681,2025-02-07,On Time,True,WH_009,278.1,True
682,682,2024-10-25,Delayed,False,WH_006,245.78,False
683,683,2025-03-18,Delayed,True,WH_008,213.52,True
684,684,2025-01-21,Delayed,True,WH_004,230.83,True
685,685,2025-01-24,Delayed,True,WH_009,196.75,False
686,686,2024-09-27,Delayed,False,WH_002,128.27,True
687,687,2025-01-13,Delayed,False,WH_004,159.67,True
688,688,2025-03-04,Delayed,True,WH_010,268.44,False
689,689,2024-11-09,On Time,False,WH_006,134.96,False
690,690,2025-02-16,Delayed,False,WH_009,124.91,True
691,691,2024-08-19,On Time,True,WH_003,294.31,False
692,692,2024-09-23,Delayed,False,WH_004,287.17,True
693,693,2025-03-10,Delayed,True,WH_008,77.16,False
694,694,2024-09-26,Delayed,True,WH_003,76.08,True
695,695,2025-03-11,On Time,False,WH_001,96.67,True
696,696,2025-01-08,Delayed,False,WH_004,108.26,True
697,697,2025-03-24,Delayed,True,WH_006,179.63,True
698,698,2024-04-09,Delayed,False,WH_007,89.26,True
699,699,2024-12-17,On Time,False,WH_008,235.79,False
700,700,2025-03-15,On Time,True,WH_004,127.44,False
